{"cameraMode":{"drawMode":0,"name":"Shaded","section":"Shading Mode"},"sceneLighting":true,"audioPlay":false,"sceneViewState":{"showFog":true,"showMaterialUpdate":false,"showSkybox":true,"showFlares":true,"showImageEffects":true,"showParticleSystems":true},"in2DMode":false,"pivot":{"x":-1.220275640487671,"y":4.624516487121582,"z":-5.967370510101318},"rotation":{"x":-0.0015880933497101069,"y":-0.8773888945579529,"z":0.00290385028347373,"w":-0.4797685742378235},"size":20.630313873291017,"orthographic":false}