{"cameraMode":{"drawMode":0,"name":"Shaded","section":"Shading Mode"},"sceneLighting":true,"audioPlay":false,"sceneViewState":{"showFog":true,"showMaterialUpdate":false,"showSkybox":true,"showFlares":true,"showImageEffects":true,"showParticleSystems":true},"in2DMode":false,"pivot":{"x":5.911733150482178,"y":-3.6320810317993166,"z":5.240660190582275},"rotation":{"x":0.21452395617961884,"y":0.4314781129360199,"z":-0.10640532523393631,"w":0.8697609901428223},"size":17.68734359741211,"orthographic":false}