{"cameraMode":{"drawMode":0,"name":"Shaded","section":"Shading Mode"},"sceneLighting":true,"audioPlay":false,"sceneViewState":{"showFog":true,"showMaterialUpdate":false,"showSkybox":true,"showFlares":true,"showImageEffects":true,"showParticleSystems":true},"in2DMode":false,"pivot":{"x":0.889716625213623,"y":-3.246138334274292,"z":-1.070094108581543},"rotation":{"x":-0.25533661246299746,"y":-0.24693135917186738,"z":0.06762541830539704,"w":-0.9323384165763855},"size":11.654070854187012,"orthographic":false}