{"cameraMode":{"drawMode":0,"name":"Shaded","section":"Shading Mode"},"sceneLighting":true,"audioPlay":false,"sceneViewState":{"showFog":true,"showMaterialUpdate":false,"showSkybox":true,"showFlares":true,"showImageEffects":true,"showParticleSystems":true},"in2DMode":false,"pivot":{"x":4.238753318786621,"y":2.019943952560425,"z":-3.6089582443237306},"rotation":{"x":-0.011041739024221897,"y":0.8993072509765625,"z":0.022632064297795297,"w":0.4365919530391693},"size":5.438862323760986,"orthographic":false}