{"cameraMode":{"drawMode":0,"name":"Shaded","section":"Shading Mode"},"sceneLighting":false,"audioPlay":false,"sceneViewState":{"showFog":true,"showMaterialUpdate":false,"showSkybox":true,"showFlares":true,"showImageEffects":true,"showParticleSystems":true},"in2DMode":false,"pivot":{"x":1.5172563791275025,"y":2.506129264831543,"z":-1.6178650856018067},"rotation":{"x":0.1601605862379074,"y":0.2601882517337799,"z":-0.04379497095942497,"w":0.9511744379997253},"size":0.40416544675827029,"orthographic":false}