{"cameraMode":{"drawMode":0,"name":"Shaded","section":"Shading Mode"},"sceneLighting":true,"audioPlay":false,"sceneViewState":{"showFog":true,"showMaterialUpdate":false,"showSkybox":true,"showFlares":true,"showImageEffects":true,"showParticleSystems":true},"in2DMode":false,"pivot":{"x":0.14920452237129212,"y":-1.1874892711639405,"z":0.5154005885124207},"rotation":{"x":-0.1465439796447754,"y":0.24416866898536683,"z":-0.037355903536081317,"w":-0.9578680396080017},"size":15.066145896911621,"orthographic":false}